<?xml version="1.0"?>
<doc>
    <assembly>
        <name>Microsoft.Practices.Prism.Interactivity</name>
    </assembly>
    <members>
        <member name="T:Microsoft.Practices.Prism.Interactivity.InteractionRequest.IConfirmation">
            <summary>
            Represents an interface of interaction request used for confirmations.
            </summary>
        </member>
        <member name="T:Microsoft.Practices.Prism.Interactivity.InteractionRequest.INotification">
            <summary>
            Represents an interface of interaction request used for notifications.
            </summary>
        </member>
        <member name="P:Microsoft.Practices.Prism.Interactivity.InteractionRequest.INotification.Title">
            <summary>
            Gets or sets the title to use for the notification.
            </summary>
        </member>
        <member name="P:Microsoft.Practices.Prism.Interactivity.InteractionRequest.INotification.Content">
            <summary>
            Gets or sets the content of the notification.
            </summary>
        </member>
        <member name="P:Microsoft.Practices.Prism.Interactivity.InteractionRequest.IConfirmation.Confirmed">
            <summary>
            Gets or sets a value indicating that the confirmation is confirmed.
            </summary>
        </member>
        <member name="T:Microsoft.Practices.Prism.Interactivity.InteractionRequest.IInteractionRequest">
            <summary>
            Represents a request from user interaction.
            </summary>
            <remarks>
            View models can expose interaction request objects through properties and raise them when user interaction
            is required so views associated with the view models can materialize the user interaction using an appropriate
            mechanism.
            </remarks>
        </member>
        <member name="E:Microsoft.Practices.Prism.Interactivity.InteractionRequest.IInteractionRequest.Raised">
            <summary>
            Fired when the interaction is needed.
            </summary>
        </member>
        <member name="T:Microsoft.Practices.Prism.Interactivity.InteractionRequest.InteractionRequest`1">
            <summary>
            Implementation of the <see cref="T:Microsoft.Practices.Prism.Interactivity.InteractionRequest.IInteractionRequest"/> interface.
            </summary>
        </member>
        <member name="M:Microsoft.Practices.Prism.Interactivity.InteractionRequest.InteractionRequest`1.Raise(`0)">
            <summary>
            Fires the Raised event.
            </summary>
            <param name="context">The context for the interaction request.</param>
        </member>
        <member name="M:Microsoft.Practices.Prism.Interactivity.InteractionRequest.InteractionRequest`1.Raise(`0,System.Action{`0})">
            <summary>
            Fires the Raised event.
            </summary>
            <param name="context">The context for the interaction request.</param>
            <param name="callback">The callback to execute when the interaction is completed.</param>
        </member>
        <member name="E:Microsoft.Practices.Prism.Interactivity.InteractionRequest.InteractionRequest`1.Raised">
            <summary>
            Fired when interaction is needed.
            </summary>
        </member>
        <member name="T:Microsoft.Practices.Prism.Interactivity.InteractionRequest.InteractionRequestedEventArgs">
            <summary>
            Event args for the <see cref="E:Microsoft.Practices.Prism.Interactivity.InteractionRequest.IInteractionRequest.Raised"/> event.
            </summary>
        </member>
        <member name="M:Microsoft.Practices.Prism.Interactivity.InteractionRequest.InteractionRequestedEventArgs.#ctor(Microsoft.Practices.Prism.Interactivity.InteractionRequest.INotification,System.Action)">
            <summary>
            Constructs a new instance of <see cref="T:Microsoft.Practices.Prism.Interactivity.InteractionRequest.InteractionRequestedEventArgs"/>
            </summary>
            <param name="context"></param>
            <param name="callback"></param>
        </member>
        <member name="P:Microsoft.Practices.Prism.Interactivity.InteractionRequest.InteractionRequestedEventArgs.Context">
            <summary>
            Gets the context for a requested interaction.
            </summary>
        </member>
        <member name="P:Microsoft.Practices.Prism.Interactivity.InteractionRequest.InteractionRequestedEventArgs.Callback">
            <summary>
            Gets the callback to execute when an interaction is completed.
            </summary>
        </member>
    </members>
</doc>
